Work Item ID,SF Workload ID
a0V5K0000045I7u,a0W5K000008az19
a0V5K0000045I7v,a0W5K000008az19
a0V5K0000046coE,a0W5K000008aylz
a0V5K000004c4lp,a0W5K000008aylp
a0V5K000004c7bB,a0W5K000008ayin
a0V5K000004hN0L,a0W5K000008ayXi
a0V5K000004hN0M,a0W5K000008ayXi
a0V5K000004hN0N,a0W5K000008ayXi
a0V5K000004hNUa,a0W5K000008ayXm
a0V5K000004hNUb,a0W5K000008ayXm
a0V5K000004hNUc,a0W5K000008ayXm
a0V5K000004hNUd,a0W5K000008ayXm
a0V5K000004hNUe,a0W5K000008ayXm
a0V5K000004hNUf,a0W5K000008ayXm
a0V5K000004hNUg,a0W5K000008ayXm
a0V5K000004hNUh,a0W5K000008ayXm
a0V5K000004hNe9,a0W5K000008ayXm
a0V5K000004hSXF,a0W5K000008az1N
a0V5K000004hSy4,a0W5K000008az1O
a0V5K000004hTAC,a0W5K000008azCD
a0V5K000004hTZe,a0W5K000008az1N
a0V5K000004iEsn,a0W5K000008ayXm
a0V5K000004iEwq,a0W5K000008ayvX
a0V5K000004iH6Y,a0W5K000008aym3
a0V5K000004iHFJ,a0W5K000008aym3
a0V5K000004iJPK,a0W5K000008aylz
a0V5K000004iJPL,a0W5K000008aylz
a0V5K000004iJPM,a0W5K000008aylz
a0V5K000004iJPN,a0W5K000008aylz
a0V5K000004iJPO,a0W5K000008aylp
a0V5K000004iJPP,a0W5K000008aylp
a0V5K000004iJPQ,a0W5K000008aylp
a0V5K000004iJPR,a0W5K000008aylp
a0V5K000004iJPS,a0W5K000008aylp
a0V5K000004iJPT,a0W5K000008aylp
a0V5K000004iJPU,a0W5K000008aylp
a0V5K000004iJPV,a0W5K000008aylp
a0V5K000004iKnj,a0W5K000008ayin
a0V5K000004iO1e,a0W5K000008aylp
a0V5K000004iO24,a0W5K000008aylp
